Movie-Title,rating,Director_stars
A Quiet Place Part II,8.0,"Director:John Krasinski,  Stars:Emily Blunt, Millicent Simmonds, Cillian Murphy, John Krasinski"
Tenet,7.4,"Director:Christopher Nolan,  Stars:John David Washington, Robert Pattinson, Elizabeth Debicki, Juhan Ulfsak"
Nomadland,7.4,"Director:Chloé Zhao,  Stars:Frances McDormand, David Strathairn, Linda May, Gay DeForest"
Promising Young Woman,7.5,"Director:Emerald Fennell,  Stars:Carey Mulligan, Bo Burnham, Alison Brie, Clancy Brown"
365 dni,3.3,"Directors:Barbara Bialowas, Tomasz Mandes,  Stars:Anna Maria Sieklucka, Michele Morrone, Bronislaw Wroclawski, Otar Saralidze"
The Father,8.3,"Director:Florian Zeller,  Stars:Anthony Hopkins, Olivia Colman, Mark Gatiss, Olivia Williams"
Wonder Woman 1984,5.4,"Director:Patty Jenkins,  Stars:Gal Gadot, Chris Pine, Kristen Wiig, Pedro Pascal"
Avengers: Endgame,8.4,"Directors:Anthony Russo, Joe Russo,  Stars:Robert Downey Jr., Chris Evans, Mark Ruffalo, Chris Hemsworth"
Kimetsu no Yaiba: Mugen Ressha-Hen,8.4,"Director:Haruo Sotozaki,  Stars:Natsuki Hanae, Akari Kitô, Yoshitsugu Matsuoka, Hiro Shimono"
A Quiet Place,7.5,"Director:John Krasinski,  Stars:Emily Blunt, John Krasinski, Millicent Simmonds, Noah Jupe"
The Shawshank Redemption,9.3,"Director:Frank Darabont,  Stars:Tim Robbins, Morgan Freeman, Bob Gunton, William Sadler"
Greenland,6.4,"Director:Ric Roman Waugh,  Stars:Gerard Butler, Morena Baccarin, Roger Dale Floyd, Scott Glenn"
Sound of Metal,7.8,"Director:Darius Marder,  Stars:Riz Ahmed, Olivia Cooke, Paul Raci, Lauren Ridloff"
Love and Monsters,7.0,"Director:Michael Matthews,  Stars:Dylan O'Brien, Jessica Henwick, Michael Rooker, Dan Ewing"
Retfærdighedens ryttere,7.7,"Director:Anders Thomas Jensen,  Stars:Mads Mikkelsen, Nikolaj Lie Kaas, Andrea Heick Gadeberg, Lars Brygmann"
Once Upon a Time... in Hollywood,7.6,"Director:Quentin Tarantino,  Stars:Leonardo DiCaprio, Brad Pitt, Margot Robbie, Emile Hirsch"
Tombstone,7.8,"Directors:George P. Cosmatos, Kevin Jarre,  Stars:Kurt Russell, Val Kilmer, Sam Elliott, Bill Paxton"
Druk,7.8,"Director:Thomas Vinterberg,  Stars:Mads Mikkelsen, Thomas Bo Larsen, Magnus Millang, Lars Ranthe"
Eurovision Song Contest: The Story of Fire Saga,6.5,"Director:David Dobkin,  Stars:Will Ferrell, Rachel McAdams, Dan Stevens, Mikael Persbrandt"
Knives Out,7.9,"Director:Rian Johnson,  Stars:Daniel Craig, Chris Evans, Ana de Armas, Jamie Lee Curtis"
The Godfather,9.2,"Director:Francis Ford Coppola,  Stars:Marlon Brando, Al Pacino, James Caan, Diane Keaton"
Midnight Run,7.5,"Director:Martin Brest,  Stars:Robert De Niro, Charles Grodin, Yaphet Kotto, John Ashton"
Minari,7.5,"Director:Lee Isaac Chung,  Stars:Steven Yeun, Yeri Han, Alan S. Kim, Noel Cho"
The Dry,7.0,"Director:Robert Connolly,  Stars:Eric Bana, Genevieve O'Reilly, Keir O'Donnell, John Polson"
Dawn of the Dead,7.3,"Director:Zack Snyder,  Stars:Sarah Polley, Ving Rhames, Mekhi Phifer, Jake Weber"
Midsommar,7.1,"Director:Ari Aster,  Stars:Florence Pugh, Jack Reynor, Vilhelm Blomgren, William Jackson Harper"
Gisaengchung,8.6,"Director:Bong Joon Ho,  Stars:Kang-ho Song, Sun-kyun Lee, Yeo-jeong Cho, Woo-sik Choi"
Goodfellas,8.7,"Director:Martin Scorsese,  Stars:Robert De Niro, Ray Liotta, Joe Pesci, Lorraine Bracco"
I Care a Lot,6.3,"Director:J Blakeson,  Stars:Rosamund Pike, Peter Dinklage, Eiza González, Dianne Wiest"
Das schaurige Haus,5.5,"Director:Daniel Prochaska,  Stars:Leon Orlandianyi, Marii Weichsler, Julia Koschitz, Michael Pink"
The Gentlemen,7.8,"Director:Guy Ritchie,  Stars:Matthew McConaughey, Charlie Hunnam, Michelle Dockery, Jeremy Strong"
Harry Potter and the Sorcerer's Stone,7.6,"Director:Chris Columbus,  Stars:Daniel Radcliffe, Rupert Grint, Richard Harris, Maggie Smith"
Titanic,7.8,"Director:James Cameron,  Stars:Leonardo DiCaprio, Kate Winslet, Billy Zane, Kathy Bates"
Interstellar,8.6,"Director:Christopher Nolan,  Stars:Matthew McConaughey, Anne Hathaway, Jessica Chastain, Mackenzie Foy"
The Dark Knight,9.0,"Director:Christopher Nolan,  Stars:Christian Bale, Heath Ledger, Aaron Eckhart, Michael Caine"
Love,6.1,"Director:Gaspar Noé,  Stars:Aomi Muyock, Karl Glusman, Klara Kristin, Juan Saavedra"
Soul,8.1,"Directors:Pete Docter, Kemp Powers,  Stars:Jamie Foxx, Tina Fey, Graham Norton, Rachel House"
Bohemian Rhapsody,7.9,"Director:Bryan Singer,  Stars:Rami Malek, Lucy Boynton, Gwilym Lee, Ben Hardy"
The School of Rock,7.1,"Director:Richard Linklater,  Stars:Jack Black, Mike White, Joan Cusack, Adam Pascal"
Pulp Fiction,8.9,"Director:Quentin Tarantino,  Stars:John Travolta, Uma Thurman, Samuel L. Jackson, Bruce Willis"
Venom,6.7,"Director:Ruben Fleischer,  Stars:Tom Hardy, Michelle Williams, Riz Ahmed, Scott Haze"
Fifty Shades of Grey,4.1,"Director:Sam Taylor-Johnson,  Stars:Dakota Johnson, Jamie Dornan, Jennifer Ehle, Eloise Mumford"
Thor: Ragnarok,7.9,"Director:Taika Waititi,  Stars:Chris Hemsworth, Tom Hiddleston, Cate Blanchett, Mark Ruffalo"
State of Play,7.1,"Director:Kevin Macdonald,  Stars:Russell Crowe, Rachel McAdams, Ben Affleck, Helen Mirren"
Joker,8.4,"Director:Todd Phillips,  Stars:Joaquin Phoenix, Robert De Niro, Zazie Beetz, Frances Conroy"
The Courier,7.1,"Director:Dominic Cooke,  Stars:Benedict Cumberbatch, Merab Ninidze, Rachel Brosnahan, Vladimir Chuprikov"
Men in Black: International,5.6,"Director:F. Gary Gray,  Stars:Chris Hemsworth, Tessa Thompson, Kumail Nanjiani, Rebecca Ferguson"
Beethoven,5.7,"Director:Brian Levant,  Stars:Charles Grodin, Bonnie Hunt, Dean Jones, Nicholle Tom"
The Wolf of Wall Street,8.2,"Director:Martin Scorsese,  Stars:Leonardo DiCaprio, Jonah Hill, Margot Robbie, Matthew McConaughey"
Saw,7.6,"Director:James Wan,  Stars:Cary Elwes, Leigh Whannell, Danny Glover, Ken Leung"
French Exit,6.0,"Director:Azazel Jacobs,  Stars:Michelle Pfeiffer, Lucas Hedges, Tracy Letts, Valerie Mahaffey"
Schindler's List,8.9,"Director:Steven Spielberg,  Stars:Liam Neeson, Ralph Fiennes, Ben Kingsley, Caroline Goodall"
The Killing of Two Lovers,7.0,"Director:Robert Machoian,  Stars:Chris Coy, Clayne Crawford, Arri Graham, Bruce Graham"
Deadpool 2,7.7,"Director:David Leitch,  Stars:Ryan Reynolds, Josh Brolin, Morena Baccarin, Julian Dennison"
Arrival,7.9,"Director:Denis Villeneuve,  Stars:Amy Adams, Jeremy Renner, Forest Whitaker, Michael Stuhlbarg"
Mad Max: Fury Road,8.1,"Director:George Miller,  Stars:Tom Hardy, Charlize Theron, Nicholas Hoult, Zoë Kravitz"
The Trial of the Chicago 7,7.8,"Director:Aaron Sorkin,  Stars:Eddie Redmayne, Alex Sharp, Sacha Baron Cohen, Jeremy Strong"
Top Gun,6.9,"Director:Tony Scott,  Stars:Tom Cruise, Tim Robbins, Kelly McGillis, Val Kilmer"
Mission: Impossible - Fallout,7.7,"Director:Christopher McQuarrie,  Stars:Tom Cruise, Henry Cavill, Ving Rhames, Simon Pegg"
Profile,7.0,"Director:Timur Bekmambetov,  Stars:Valene Kane, Morgan Watkins, Christine Adams, Kate Watson"
Heat,8.2,"Director:Michael Mann,  Stars:Al Pacino, Robert De Niro, Val Kilmer, Jon Voight"
Suicide Squad,5.9,"Director:David Ayer,  Stars:Will Smith, Jared Leto, Margot Robbie, Viola Davis"
300,7.6,"Director:Zack Snyder,  Stars:Gerard Butler, Lena Headey, David Wenham, Dominic West"
Saving Private Ryan,8.6,"Director:Steven Spielberg,  Stars:Tom Hanks, Matt Damon, Tom Sizemore, Edward Burns"
Honest Thief,6.0,"Director:Mark Williams,  Stars:Liam Neeson, Kate Walsh, Jai Courtney, Jeffrey Donovan"
Almost Famous,7.9,"Director:Cameron Crowe,  Stars:Billy Crudup, Patrick Fugit, Kate Hudson, Frances McDormand"
Django Unchained,8.4,"Director:Quentin Tarantino,  Stars:Jamie Foxx, Christoph Waltz, Leonardo DiCaprio, Kerry Washington"
1917,8.3,"Director:Sam Mendes,  Stars:Dean-Charles Chapman, George MacKay, Daniel Mays, Colin Firth"
The Greatest Showman,7.6,"Director:Michael Gracey,  Stars:Hugh Jackman, Michelle Williams, Zac Efron, Zendaya"
It,7.3,"Director:Andy Muschietti,  Stars:Bill Skarsgård, Jaeden Martell, Finn Wolfhard, Sophia Lillis"
Pitch Perfect,7.1,"Director:Jason Moore,  Stars:Anna Kendrick, Brittany Snow, Rebel Wilson, Anna Camp"
Watchmen,7.6,"Director:Zack Snyder,  Stars:Jackie Earle Haley, Patrick Wilson, Carla Gugino, Malin Akerman"
After,5.3,"Director:Jenny Gage,  Stars:Josephine Langford, Hero Fiennes Tiffin, Khadijha Red Thunder, Dylan Arnold"
El baile de los 41,6.9,"Director:David Pablos,  Stars:Alfonso Herrera, Emiliano Zurita, Mabel Cadena, Fernando Becerril"
Se7en,8.6,"Director:David Fincher,  Stars:Morgan Freeman, Brad Pitt, Kevin Spacey, Andrew Kevin Walker"
The Fast and the Furious,6.8,"Director:Rob Cohen,  Stars:Vin Diesel, Paul Walker, Michelle Rodriguez, Jordana Brewster"
Shutter Island,8.2,"Director:Martin Scorsese,  Stars:Leonardo DiCaprio, Emily Mortimer, Mark Ruffalo, Ben Kingsley"
No Country for Old Men,8.1,"Directors:Ethan Coen, Joel Coen,  Stars:Tommy Lee Jones, Javier Bardem, Josh Brolin, Woody Harrelson"
Four Good Days,6.3,"Director:Rodrigo García,  Stars:Mila Kunis, Carla Gallo, Glenn Close, Stephen Root"
Fantastic Beasts and Where to Find Them,7.3,"Director:David Yates,  Stars:Eddie Redmayne, Katherine Waterston, Alison Sudol, Dan Fogler"
The Whole Truth,6.2,"Director:Courtney Hunt,  Stars:Keanu Reeves, Renée Zellweger, Gugu Mbatha-Raw, Gabriel Basso"
Judgment at Nuremberg,8.2,"Director:Stanley Kramer,  Stars:Spencer Tracy, Burt Lancaster, Richard Widmark, Marlene Dietrich"
Moneyball,7.6,"Director:Bennett Miller,  Stars:Brad Pitt, Robin Wright, Jonah Hill, Philip Seymour Hoffman"
Aliens,8.3,"Director:James Cameron,  Stars:Sigourney Weaver, Michael Biehn, Carrie Henn, Paul Reiser"
Scott Pilgrim vs. the World,7.5,"Director:Edgar Wright,  Stars:Michael Cera, Mary Elizabeth Winstead, Kieran Culkin, Anna Kendrick"
News of the World,6.8,"Director:Paul Greengrass,  Stars:Tom Hanks, Helena Zengel, Tom Astor, Travis Johnson"
The Dark Knight Rises,8.4,"Director:Christopher Nolan,  Stars:Christian Bale, Tom Hardy, Anne Hathaway, Gary Oldman"
Unhinged,6.0,"Director:Derrick Borte,  Stars:Russell Crowe, Caren Pistorius, Gabriel Bateman, Jimmi Simpson"
Birds of Prey: And the Fantabulous Emancipation of One Harley Quinn,6.1,"Director:Cathy Yan,  Stars:Margot Robbie, Rosie Perez, Mary Elizabeth Winstead, Jurnee Smollett"
Gone Girl,8.1,"Director:David Fincher,  Stars:Ben Affleck, Rosamund Pike, Neil Patrick Harris, Tyler Perry"
Hereditary,7.3,"Director:Ari Aster,  Stars:Toni Collette, Milly Shapiro, Gabriel Byrne, Alex Wolff"
The Conjuring,7.5,"Director:James Wan,  Stars:Patrick Wilson, Vera Farmiga, Ron Livingston, Lili Taylor"
John Wick,7.4,"Directors:Chad Stahelski, David Leitch,  Stars:Keanu Reeves, Michael Nyqvist, Alfie Allen, Willem Dafoe"
Léon,8.5,"Director:Luc Besson,  Stars:Jean Reno, Gary Oldman, Natalie Portman, Danny Aiello"
Enola Holmes,6.6,"Director:Harry Bradbeer,  Stars:Millie Bobby Brown, Henry Cavill, Sam Claflin, Helena Bonham Carter"
Rare Beasts,5.9,"Director:Billie Piper,  Stars:Billie Piper, Leo Bill, Kerry Fox, Toby Woolf"
G.I. Joe: Retaliation,5.8,"Director:Jon M. Chu,  Stars:Dwayne Johnson, Channing Tatum, Adrianne Palicki, Lee Byung-hun"
The Princess Bride,8.1,"Director:Rob Reiner,  Stars:Cary Elwes, Mandy Patinkin, Robin Wright, Chris Sarandon"
Justice League,6.1,"Director:Zack Snyder,  Stars:Ben Affleck, Gal Gadot, Jason Momoa, Ezra Miller"
American Pie,7.0,"Directors:Paul Weitz, Chris Weitz,  Stars:Jason Biggs, Chris Klein, Thomas Ian Nicholas, Jennifer Coolidge"
Green Book,8.2,"Director:Peter Farrelly,  Stars:Viggo Mortensen, Mahershala Ali, Linda Cardellini, Sebastian Maniscalco"
The Interpreter,6.4,"Director:Sydney Pollack,  Stars:Nicole Kidman, Sean Penn, Catherine Keener, Jesper Christensen"
Spider-Man: Into the Spider-Verse,8.4,"Directors:Bob Persichetti, Peter Ramsey, Rodney Rothman,  Stars:Shameik Moore, Jake Johnson, Hailee Steinfeld, Mahershala Ali"
Monster Hunter,5.3,"Director:Paul W.S. Anderson,  Stars:Milla Jovovich, Tony Jaa, Ron Perlman, T.I."
The Fifth Element,7.7,"Director:Luc Besson,  Stars:Bruce Willis, Milla Jovovich, Gary Oldman, Ian Holm"
Requiem for a Dream,8.3,"Director:Darren Aronofsky,  Stars:Ellen Burstyn, Jared Leto, Jennifer Connelly, Marlon Wayans"
Pride & Prejudice,7.8,"Director:Joe Wright,  Stars:Keira Knightley, Matthew Macfadyen, Brenda Blethyn, Donald Sutherland"
Mystic River,7.9,"Director:Clint Eastwood,  Stars:Sean Penn, Tim Robbins, Kevin Bacon, Emmy Rossum"
American Beauty,8.3,"Director:Sam Mendes,  Stars:Kevin Spacey, Annette Bening, Thora Birch, Wes Bentley"
The Breakfast Club,7.8,"Director:John Hughes,  Stars:Emilio Estevez, Judd Nelson, Molly Ringwald, Ally Sheedy"
Twister,6.4,"Director:Jan de Bont,  Stars:Helen Hunt, Bill Paxton, Cary Elwes, Jami Gertz"
Dunkirk,7.8,"Director:Christopher Nolan,  Stars:Fionn Whitehead, Barry Keoghan, Mark Rylance, Tom Hardy"
Jaws,8.0,"Director:Steven Spielberg,  Stars:Roy Scheider, Robert Shaw, Richard Dreyfuss, Lorraine Gary"
The Lighthouse,7.5,"Director:Robert Eggers,  Stars:Robert Pattinson, Willem Dafoe, Valeriia Karaman, Logan Hawkes"
Taxi Driver,8.3,"Director:Martin Scorsese,  Stars:Robert De Niro, Jodie Foster, Cybill Shepherd, Albert Brooks"
Star Wars,8.6,"Director:George Lucas,  Stars:Mark Hamill, Harrison Ford, Carrie Fisher, Alec Guinness"
Superbad,7.6,"Director:Greg Mottola,  Stars:Michael Cera, Jonah Hill, Christopher Mintz-Plasse, Bill Hader"
Little Women,7.8,"Director:Greta Gerwig,  Stars:Saoirse Ronan, Emma Watson, Florence Pugh, Eliza Scanlen"
Dream Horse,6.8,"Director:Euros Lyn,  Stars:Toni Collette, Damian Lewis, Owen Teale, Peter Davison"
The Shape of Water,7.3,"Director:Guillermo del Toro,  Stars:Sally Hawkins, Octavia Spencer, Michael Shannon, Doug Jones"
Aquaman,6.9,"Director:James Wan,  Stars:Jason Momoa, Amber Heard, Willem Dafoe, Patrick Wilson"
Raiders of the Lost Ark,8.4,"Director:Steven Spielberg,  Stars:Harrison Ford, Karen Allen, Paul Freeman, John Rhys-Davies"
Lolita,6.9,"Director:Adrian Lyne,  Stars:Jeremy Irons, Dominique Swain, Melanie Griffith, Frank Langella"
There Will Be Blood,8.2,"Director:Paul Thomas Anderson,  Stars:Daniel Day-Lewis, Paul Dano, Ciarán Hinds, Martin Stringer"
The Martian,8.0,"Director:Ridley Scott,  Stars:Matt Damon, Jessica Chastain, Kristen Wiig, Kate Mara"
Crazy Rich Asians,6.9,"Director:Jon M. Chu,  Stars:Constance Wu, Henry Golding, Michelle Yeoh, Gemma Chan"
American Psycho,7.6,"Director:Mary Harron,  Stars:Christian Bale, Justin Theroux, Josh Lucas, Bill Sage"
Road House,6.6,"Director:Rowdy Herrington,  Stars:Patrick Swayze, Kelly Lynch, Sam Elliott, Ben Gazzara"
The Hobbit: An Unexpected Journey,7.8,"Director:Peter Jackson,  Stars:Martin Freeman, Ian McKellen, Richard Armitage, Andy Serkis"
Love Actually,7.6,"Director:Richard Curtis,  Stars:Hugh Grant, Martine McCutcheon, Liam Neeson, Laura Linney"
Contratiempo,8.1,"Director:Oriol Paulo,  Stars:Mario Casas, Ana Wagener, Jose Coronado, Bárbara Lennie"
The Cabin in the Woods,7.0,"Director:Drew Goddard,  Stars:Kristen Connolly, Chris Hemsworth, Anna Hutchison, Fran Kranz"
The Mummy,7.0,"Director:Stephen Sommers,  Stars:Brendan Fraser, Rachel Weisz, John Hannah, Arnold Vosloo"
Avengers: Age of Ultron,7.3,"Director:Joss Whedon,  Stars:Robert Downey Jr., Chris Evans, Mark Ruffalo, Chris Hemsworth"
Breach,2.9,"Director:John Suits,  Stars:Cody Kearsley, Bruce Willis, Rachel Nichols, Kassandra Clementi"
"Three Billboards Outside Ebbing, Missouri",8.1,"Director:Martin McDonagh,  Stars:Frances McDormand, Woody Harrelson, Sam Rockwell, Caleb Landry Jones"
Wanted,6.7,"Director:Timur Bekmambetov,  Stars:Angelina Jolie, James McAvoy, Morgan Freeman, Terence Stamp"
The Irishman,7.8,"Director:Martin Scorsese,  Stars:Robert De Niro, Al Pacino, Joe Pesci, Harvey Keitel"
Shrek,7.9,"Directors:Andrew Adamson, Vicky Jenson,  Stars:Mike Myers, Eddie Murphy, Cameron Diaz, John Lithgow"
Bullitt,7.4,"Director:Peter Yates,  Stars:Steve McQueen, Jacqueline Bisset, Robert Vaughn, Don Gordon"
"Monsters, Inc.",8.1,"Directors:Pete Docter, David Silverman, Lee Unkrich,  Stars:Billy Crystal, John Goodman, Mary Gibbs, Steve Buscemi"
Mean Girls,7.0,"Director:Mark Waters,  Stars:Lindsay Lohan, Jonathan Bennett, Rachel McAdams, Tina Fey"
"Crazy, Stupid, Love.",7.4,"Directors:Glenn Ficarra, John Requa,  Stars:Steve Carell, Ryan Gosling, Julianne Moore, Emma Stone"
Spider-Man: Far from Home,7.5,"Director:Jon Watts,  Stars:Tom Holland, Samuel L. Jackson, Jake Gyllenhaal, Marisa Tomei"
Enchanted,7.0,"Director:Kevin Lima,  Stars:Amy Adams, Susan Sarandon, James Marsden, Patrick Dempsey"
Endless Love,6.3,"Director:Shana Feste,  Stars:Gabriella Wilde, Alex Pettyfer, Bruce Greenwood, Robert Patrick"
Hacksaw Ridge,8.1,"Director:Mel Gibson,  Stars:Andrew Garfield, Sam Worthington, Luke Bracey, Teresa Palmer"
The Godfather: Part II,9.0,"Director:Francis Ford Coppola,  Stars:Al Pacino, Robert De Niro, Robert Duvall, Diane Keaton"
Hocus Pocus,6.9,"Director:Kenny Ortega,  Stars:Bette Midler, Sarah Jessica Parker, Kathy Najimy, Omri Katz"
Moana,7.6,"Directors:Ron Clements, John Musker, Don Hall, Chris Williams,  Stars:Auli'i Cravalho, Dwayne Johnson, Rachel House, Temuera Morrison"
The Witches of Eastwick,6.6,"Director:George Miller,  Stars:Jack Nicholson, Cher, Susan Sarandon, Michelle Pfeiffer"
Catch Me If You Can,8.1,"Director:Steven Spielberg,  Stars:Leonardo DiCaprio, Tom Hanks, Christopher Walken, Martin Sheen"
The Sixth Sense,8.1,"Director:M. Night Shyamalan,  Stars:Bruce Willis, Haley Joel Osment, Toni Collette, Olivia Williams"
Salò o le 120 giornate di Sodoma,5.9,"Director:Pier Paolo Pasolini,  Stars:Paolo Bonacelli, Giorgio Cataldi, Uberto Paolo Quintavalle, Aldo Valletti"
Sucker Punch,6.0,"Director:Zack Snyder,  Stars:Emily Browning, Vanessa Hudgens, Abbie Cornish, Jena Malone"
Drive,7.8,"Director:Nicolas Winding Refn,  Stars:Ryan Gosling, Carey Mulligan, Bryan Cranston, Albert Brooks"
The Hangover,7.7,"Director:Todd Phillips,  Stars:Zach Galifianakis, Bradley Cooper, Justin Bartha, Ed Helms"
The Fast and the Furious: Tokyo Drift,6.0,"Director:Justin Lin,  Stars:Lucas Black, Zachery Ty Bryan, Shad Moss, Damien Marzette"
Aladdin,6.9,"Director:Guy Ritchie,  Stars:Will Smith, Mena Massoud, Naomi Scott, Marwan Kenzari"
Peter Pan,6.8,"Director:P.J. Hogan,  Stars:Jeremy Sumpter, Jason Isaacs, Olivia Williams, Lynn Redgrave"
The Lovely Bones,6.7,"Director:Peter Jackson,  Stars:Rachel Weisz, Mark Wahlberg, Saoirse Ronan, Susan Sarandon"
Hotel Transylvania,7.1,"Director:Genndy Tartakovsky,  Stars:Adam Sandler, Kevin James, Andy Samberg, Selena Gomez"
The Great Gatsby,7.2,"Director:Baz Luhrmann,  Stars:Leonardo DiCaprio, Carey Mulligan, Joel Edgerton, Tobey Maguire"
Employee of the Month,6.1,"Director:Mitch Rouse,  Stars:Matt Dillon, Steve Zahn, Christina Applegate, Andrea Bendewald"
Doctor Sleep,7.3,"Director:Mike Flanagan,  Stars:Ewan McGregor, Rebecca Ferguson, Kyliegh Curran, Cliff Curtis"
Memento,8.4,"Director:Christopher Nolan,  Stars:Guy Pearce, Carrie-Anne Moss, Joe Pantoliano, Mark Boone Junior"
Dead Man Down,6.5,"Director:Niels Arden Oplev,  Stars:Colin Farrell, Noomi Rapace, Dominic Cooper, Terrence Howard"
Jurassic World,7.0,"Director:Colin Trevorrow,  Stars:Chris Pratt, Bryce Dallas Howard, Ty Simpkins, Judy Greer"
Captain America: Civil War,7.8,"Directors:Anthony Russo, Joe Russo,  Stars:Chris Evans, Robert Downey Jr., Scarlett Johansson, Sebastian Stan"
The Terminator,8.0,"Director:James Cameron,  Stars:Arnold Schwarzenegger, Linda Hamilton, Michael Biehn, Paul Winfield"
Boogie Nights,7.9,"Director:Paul Thomas Anderson,  Stars:Mark Wahlberg, Julianne Moore, Burt Reynolds, Luis Guzmán"
Fast & Furious 7,7.1,"Director:James Wan,  Stars:Vin Diesel, Paul Walker, Dwayne Johnson, Jason Statham"
Star Wars: Episode I - The Phantom Menace,6.5,"Director:George Lucas,  Stars:Ewan McGregor, Liam Neeson, Natalie Portman, Jake Lloyd"
Hannibal,6.8,"Director:Ridley Scott,  Stars:Anthony Hopkins, Julianne Moore, Gary Oldman, Ray Liotta"
Resident Evil,6.7,"Director:Paul W.S. Anderson,  Stars:Milla Jovovich, Michelle Rodriguez, Ryan McCluskey, Oscar Pearce"
The Invisible Man,7.1,"Director:Leigh Whannell,  Stars:Elisabeth Moss, Oliver Jackson-Cohen, Harriet Dyer, Aldis Hodge"
Sen to Chihiro no kamikakushi,8.6,"Director:Hayao Miyazaki,  Stars:Daveigh Chase, Suzanne Pleshette, Miyu Irino, Rumi Hiiragi"
Kong: Skull Island,6.6,"Director:Jordan Vogt-Roberts,  Stars:Tom Hiddleston, Samuel L. Jackson, Brie Larson, John C. Reilly"
Hellboy,5.2,"Director:Neil Marshall,  Stars:David Harbour, Milla Jovovich, Ian McShane, Sasha Lane"
Blade Runner,8.1,"Director:Ridley Scott,  Stars:Harrison Ford, Rutger Hauer, Sean Young, Edward James Olmos"
The Exorcist,8.0,"Director:William Friedkin,  Stars:Ellen Burstyn, Max von Sydow, Linda Blair, Lee J. Cobb"
The Truman Show,8.1,"Director:Peter Weir,  Stars:Jim Carrey, Ed Harris, Laura Linney, Noah Emmerich"
Into the Wild,8.1,"Director:Sean Penn,  Stars:Emile Hirsch, Vince Vaughn, Catherine Keener, Marcia Gay Harden"
The Usual Suspects,8.5,"Director:Bryan Singer,  Stars:Kevin Spacey, Gabriel Byrne, Chazz Palminteri, Stephen Baldwin"
The Mountain Between Us,6.4,"Director:Hany Abu-Assad,  Stars:Kate Winslet, Idris Elba, Beau Bridges, Dermot Mulroney"
The Karate Kid,7.3,"Director:John G. Avildsen,  Stars:Ralph Macchio, Pat Morita, Elisabeth Shue, Martin Kove"
Irréversible,7.4,"Director:Gaspar Noé,  Stars:Monica Bellucci, Vincent Cassel, Albert Dupontel, Jo Prestia"
A Star Is Born,7.6,"Director:Bradley Cooper,  Stars:Lady Gaga, Bradley Cooper, Sam Elliott, Greg Grunberg"
Jumanji: Welcome to the Jungle,6.9,"Director:Jake Kasdan,  Stars:Dwayne Johnson, Karen Gillan, Kevin Hart, Jack Black"
Cars,7.1,"Directors:John Lasseter, Joe Ranft,  Stars:Owen Wilson, Bonnie Hunt, Paul Newman, Larry the Cable Guy"
Doctor Strange,7.5,"Director:Scott Derrickson,  Stars:Benedict Cumberbatch, Chiwetel Ejiofor, Rachel McAdams, Benedict Wong"
Hillbilly Elegy,6.7,"Director:Ron Howard,  Stars:Amy Adams, Glenn Close, Gabriel Basso, Haley Bennett"
Tropic Thunder,7.0,"Director:Ben Stiller,  Stars:Ben Stiller, Jack Black, Robert Downey Jr., Jeff Kahn"
The Hateful Eight,7.8,"Director:Quentin Tarantino,  Stars:Samuel L. Jackson, Kurt Russell, Jennifer Jason Leigh, Walton Goggins"
Donnie Darko,8.0,"Director:Richard Kelly,  Stars:Jake Gyllenhaal, Jena Malone, Mary McDonnell, Holmes Osborne"
The Pianist,8.5,"Director:Roman Polanski,  Stars:Adrien Brody, Thomas Kretschmann, Frank Finlay, Emilia Fox"
Malèna,7.5,"Director:Giuseppe Tornatore,  Stars:Monica Bellucci, Giuseppe Sulfaro, Luciano Federico, Matilde Piana"
The King of Staten Island,7.1,"Director:Judd Apatow,  Stars:Pete Davidson, Bel Powley, Ricky Velez, Lou Wilson"
Snowpiercer,7.1,"Director:Bong Joon Ho,  Stars:Chris Evans, Jamie Bell, Tilda Swinton, Ed Harris"
Oldeuboi,8.4,"Director:Chan-wook Park,  Stars:Choi Min-sik, Yoo Ji-Tae, Kang Hye-jeong, Kim Byeong-Ok"
The Nice Guys,7.4,"Director:Shane Black,  Stars:Russell Crowe, Ryan Gosling, Angourie Rice, Matt Bomer"
Salinui chueok,8.1,"Director:Bong Joon Ho,  Stars:Kang-ho Song, Kim Sang-kyung, Roe-ha Kim, Jae-ho Song"
The Old Guard,6.7,"Director:Gina Prince-Bythewood,  Stars:Charlize Theron, KiKi Layne, Matthias Schoenaerts, Marwan Kenzari"
Zootopia,8.0,"Directors:Byron Howard, Rich Moore, Jared Bush,  Stars:Ginnifer Goodwin, Jason Bateman, Idris Elba, Jenny Slate"
Ant-Man,7.3,"Director:Peyton Reed,  Stars:Paul Rudd, Michael Douglas, Corey Stoll, Evangeline Lilly"
Weird Science,6.6,"Director:John Hughes,  Stars:Anthony Michael Hall, Ilan Mitchell-Smith, Kelly LeBrock, Bill Paxton"
Tremors,7.1,"Director:Ron Underwood,  Stars:Kevin Bacon, Fred Ward, Finn Carter, Michael Gross"
6 Underground,6.1,"Director:Michael Bay,  Stars:Ryan Reynolds, Mélanie Laurent, Manuel Garcia-Rulfo, Ben Hardy"
The Girl Next Door,6.6,"Director:Gregory Wilson,  Stars:William Atherton, Blythe Auffarth, Blanche Baker, Kevin Chamberlin"
Sonic the Hedgehog,6.5,"Director:Jeff Fowler,  Stars:Ben Schwartz, James Marsden, Jim Carrey, Tika Sumpter"
American Made,7.2,"Director:Doug Liman,  Stars:Tom Cruise, Domhnall Gleeson, Sarah Wright, Jesse Plemons"
The Sandlot,7.8,"Director:David Mickey Evans,  Stars:Tom Guiry, Mike Vitar, Art LaFleur, Patrick Renna"
About Time,7.8,"Director:Richard Curtis,  Stars:Domhnall Gleeson, Rachel McAdams, Bill Nighy, Lydia Wilson"
"Il buono, il brutto, il cattivo",8.8,"Director:Sergio Leone,  Stars:Clint Eastwood, Eli Wallach, Lee Van Cleef, Aldo Giuffrè"
The Incredibles,8.0,"Director:Brad Bird,  Stars:Craig T. Nelson, Samuel L. Jackson, Holly Hunter, Jason Lee"
Crimson Peak,6.5,"Director:Guillermo del Toro,  Stars:Mia Wasikowska, Jessica Chastain, Tom Hiddleston, Charlie Hunnam"
Legally Blonde,6.3,"Director:Robert Luketic,  Stars:Reese Witherspoon, Luke Wilson, Selma Blair, Matthew Davis"
The Lost Boys,7.3,"Director:Joel Schumacher,  Stars:Jason Patric, Corey Haim, Dianne Wiest, Barnard Hughes"
The Revenant,8.0,"Director:Alejandro G. Iñárritu,  Stars:Leonardo DiCaprio, Tom Hardy, Will Poulter, Domhnall Gleeson"
Godzilla: King of the Monsters,6.0,"Director:Michael Dougherty,  Stars:Kyle Chandler, Vera Farmiga, Millie Bobby Brown, Ken Watanabe"
Collateral,7.5,"Director:Michael Mann,  Stars:Tom Cruise, Jamie Foxx, Jada Pinkett Smith, Mark Ruffalo"
300: Rise of an Empire,6.2,"Director:Noam Murro,  Stars:Sullivan Stapleton, Eva Green, Lena Headey, Hans Matheson"
The Intouchables,8.5,"Directors:Olivier Nakache, Éric Toledano,  Stars:François Cluzet, Omar Sy, Anne Le Ny, Audrey Fleurot"
Hook,6.8,"Director:Steven Spielberg,  Stars:Dustin Hoffman, Robin Williams, Julia Roberts, Bob Hoskins"
Saw II,6.6,"Director:Darren Lynn Bousman,  Stars:Donnie Wahlberg, Beverley Mitchell, Franky G, Emmanuelle Vaugier"
Sabotage,5.7,"Director:David Ayer,  Stars:Arnold Schwarzenegger, Sam Worthington, Terrence Howard, Olivia Williams"
Casino Royale,8.0,"Director:Martin Campbell,  Stars:Daniel Craig, Eva Green, Judi Dench, Jeffrey Wright"
The Game,7.8,"Director:David Fincher,  Stars:Michael Douglas, Deborah Kara Unger, Sean Penn, James Rebhorn"
Caligola,5.3,"Director:Tinto Brass,  Stars:Malcolm McDowell, Peter O'Toole, Helen Mirren, Teresa Ann Savoy"
Harry Potter and the Prisoner of Azkaban,7.9,"Director:Alfonso Cuarón,  Stars:Daniel Radcliffe, Emma Watson, Rupert Grint, Richard Griffiths"
Iron Man Three,7.1,"Director:Shane Black,  Stars:Robert Downey Jr., Guy Pearce, Gwyneth Paltrow, Don Cheadle"
John Wick: Chapter 3 - Parabellum,7.4,"Director:Chad Stahelski,  Stars:Keanu Reeves, Halle Berry, Ian McShane, Laurence Fishburne"
Predestination,7.5,"Directors:Michael Spierig, Peter Spierig,  Stars:Ethan Hawke, Sarah Snook, Noah Taylor, Madeleine West"
The Sweetest Thing,5.2,"Director:Roger Kumble,  Stars:Cameron Diaz, Thomas Jane, Christina Applegate, Lillian Adams"
Ava,5.4,"Director:Tate Taylor,  Stars:Jessica Chastain, John Malkovich, Common, Geena Davis"
Midway,6.8,"Director:Jack Smight,  Stars:Charlton Heston, Henry Fonda, James Coburn, Glenn Ford"
Gemini Man,5.7,"Director:Ang Lee,  Stars:Will Smith, Mary Elizabeth Winstead, Clive Owen, Benedict Wong"
The Witches,5.3,"Director:Robert Zemeckis,  Stars:Anne Hathaway, Octavia Spencer, Stanley Tucci, Chris Rock"
Psycho,8.5,"Director:Alfred Hitchcock,  Stars:Anthony Perkins, Janet Leigh, Vera Miles, John Gavin"
The Age of Adaline,7.2,"Director:Lee Toland Krieger,  Stars:Blake Lively, Michiel Huisman, Harrison Ford, Kathy Baker"
The Little Rascals,6.3,"Director:Penelope Spheeris,  Stars:Travis Tedford, Bug Hall, Brittany Ashton Holmes, Kevin Jamal Woods"
Angel Has Fallen,6.4,"Director:Ric Roman Waugh,  Stars:Gerard Butler, Frederick Schmidt, Danny Huston, Rocci Williams"
Cidade de Deus,8.6,"Directors:Fernando Meirelles, Kátia Lund,  Stars:Alexandre Rodrigues, Leandro Firmino, Matheus Nachtergaele, Phellipe Haagensen"
Napoleon Dynamite,6.9,"Director:Jared Hess,  Stars:Jon Heder, Efren Ramirez, Jon Gries, Aaron Ruell"
"I, Tonya",7.5,"Director:Craig Gillespie,  Stars:Margot Robbie, Sebastian Stan, Allison Janney, Julianne Nicholson"
Death Proof,7.0,"Director:Quentin Tarantino,  Stars:Kurt Russell, Zoë Bell, Rosario Dawson, Vanessa Ferlito"
Saw 3D,5.6,"Director:Kevin Greutert,  Stars:Tobin Bell, Costas Mandylor, Betsy Russell, Cary Elwes"
The Imitation Game,8.0,"Director:Morten Tyldum,  Stars:Benedict Cumberbatch, Keira Knightley, Matthew Goode, Allen Leech"
The Hunt,6.5,"Director:Craig Zobel,  Stars:Betty Gilpin, Hilary Swank, Ike Barinholtz, Wayne Duvall"
Starship Troopers,7.2,"Director:Paul Verhoeven,  Stars:Casper Van Dien, Denise Richards, Dina Meyer, Jake Busey"
The Meg,5.6,"Director:Jon Turteltaub,  Stars:Jason Statham, Bingbing Li, Rainn Wilson, Cliff Curtis"
Hustlers,6.3,"Director:Lorene Scafaria,  Stars:Constance Wu, Jennifer Lopez, Julia Stiles, Mette Towley"
X-Men: Apocalypse,6.9,"Director:Bryan Singer,  Stars:James McAvoy, Michael Fassbender, Jennifer Lawrence, Nicholas Hoult"
Charlie and the Chocolate Factory,6.6,"Director:Tim Burton,  Stars:Johnny Depp, Freddie Highmore, David Kelly, Helena Bonham Carter"
Murder on the Orient Express,6.5,"Director:Kenneth Branagh,  Stars:Kenneth Branagh, Penélope Cruz, Willem Dafoe, Judi Dench"
Rush Hour,7.0,"Director:Brett Ratner,  Stars:Jackie Chan, Chris Tucker, Ken Leung, Tom Wilkinson"
Point Break,7.3,"Director:Kathryn Bigelow,  Stars:Patrick Swayze, Keanu Reeves, Gary Busey, Lori Petty"
Fast & Furious,6.6,"Director:Justin Lin,  Stars:Vin Diesel, Paul Walker, Michelle Rodriguez, Jordana Brewster"
Alien: Covenant,6.4,"Director:Ridley Scott,  Stars:Michael Fassbender, Katherine Waterston, Billy Crudup, Danny McBride"
The Girl on the Train,6.5,"Director:Tate Taylor,  Stars:Emily Blunt, Haley Bennett, Rebecca Ferguson, Justin Theroux"
Scream,7.3,"Director:Wes Craven,  Stars:Neve Campbell, Courteney Cox, David Arquette, Skeet Ulrich"
Pitch Perfect 2,6.4,"Director:Elizabeth Banks,  Stars:Anna Kendrick, Rebel Wilson, Hailee Steinfeld, Brittany Snow"
X: First Class,7.7,"Director:Matthew Vaughn,  Stars:James McAvoy, Michael Fassbender, Jennifer Lawrence, Kevin Bacon"
Grown Ups 2,5.4,"Director:Dennis Dugan,  Stars:Adam Sandler, Kevin James, Chris Rock, David Spade"
Creed II,7.1,"Director:Steven Caple Jr.,  Stars:Michael B. Jordan, Sylvester Stallone, Tessa Thompson, Phylicia Rashad"
The Conjuring 2,7.3,"Director:James Wan,  Stars:Vera Farmiga, Patrick Wilson, Madison Wolfe, Frances O'Connor"
Maniac,6.1,"Director:Franck Khalfoun,  Stars:Elijah Wood, Nora Arnezeder, America Olivo, Megan Duffy"
The Lobster,7.2,"Director:Yorgos Lanthimos,  Stars:Colin Farrell, Rachel Weisz, Jessica Barden, Olivia Colman"
Midway,6.7,"Director:Roland Emmerich,  Stars:Ed Skrein, Patrick Wilson, Woody Harrelson, Luke Evans"
Polar,6.3,"Director:Jonas Åkerlund,  Stars:Mads Mikkelsen, Vanessa Hudgens, Katheryn Winnick, Fei Ren"
Jerry Maguire,7.3,"Director:Cameron Crowe,  Stars:Tom Cruise, Cuba Gooding Jr., Renée Zellweger, Kelly Preston"
The Dreamers,7.2,"Director:Bernardo Bertolucci,  Stars:Michael Pitt, Louis Garrel, Eva Green, Anna Chancellor"
King Kong,5.9,"Director:John Guillermin,  Stars:Jeff Bridges, Charles Grodin, Jessica Lange, John Randolph"
Dirty Dancing,7.0,"Director:Emile Ardolino,  Stars:Patrick Swayze, Jennifer Grey, Jerry Orbach, Cynthia Rhodes"
The Paper Tigers,6.3,"Director:Quoc Bao Tran,  Stars:Alain Uy, Yuji Okumoto, Ron Yuan, Matthew Page"
Un tè con Mussolini,6.9,"Director:Franco Zeffirelli,  Stars:Maggie Smith, Judi Dench, Joan Plowright, Cher"
The Perks of Being a Wallflower,8.0,"Director:Stephen Chbosky,  Stars:Logan Lerman, Emma Watson, Ezra Miller, Paul Rudd"
Star Wars: Episode II - Attack of the Clones,6.5,"Director:George Lucas,  Stars:Hayden Christensen, Natalie Portman, Ewan McGregor, Christopher Lee"
Annihilation,6.8,"Director:Alex Garland,  Stars:Natalie Portman, Jennifer Jason Leigh, Tessa Thompson, Benedict Wong"
Pieces of a Woman,7.1,"Director:Kornél Mundruczó,  Stars:Vanessa Kirby, Shia LaBeouf, Ellen Burstyn, Iliza Shlesinger"
Contagion,6.7,"Director:Steven Soderbergh,  Stars:Matt Damon, Kate Winslet, Jude Law, Gwyneth Paltrow"
The Virgin Suicides,7.2,"Director:Sofia Coppola,  Stars:Kirsten Dunst, Josh Hartnett, James Woods, Kathleen Turner"
Hachi: A Dog's Tale,8.1,"Director:Lasse Hallström,  Stars:Richard Gere, Joan Allen, Cary-Hiroyuki Tagawa, Sarah Roemer"
Ammonite,6.5,"Director:Francis Lee,  Stars:Kate Winslet, Saoirse Ronan, Gemma Jones, James McArdle"
Once Upon a Time in America,8.4,"Director:Sergio Leone,  Stars:Robert De Niro, James Woods, Elizabeth McGovern, Treat Williams"
Harry Potter and the Half-Blood Prince,7.6,"Director:David Yates,  Stars:Daniel Radcliffe, Emma Watson, Rupert Grint, Michael Gambon"
Trainspotting,8.1,"Director:Danny Boyle,  Stars:Ewan McGregor, Ewen Bremner, Jonny Lee Miller, Kevin McKidd"
Revolutionary Road,7.3,"Director:Sam Mendes,  Stars:Leonardo DiCaprio, Kate Winslet, Christopher Fitzgerald, Jonathan Roumie"
Bird Box,6.6,"Director:Susanne Bier,  Stars:Sandra Bullock, Trevante Rhodes, John Malkovich, Sarah Paulson"
Rosemary's Baby,8.0,"Director:Roman Polanski,  Stars:Mia Farrow, John Cassavetes, Ruth Gordon, Sidney Blackmer"
Manhunter,7.2,"Director:Michael Mann,  Stars:William Petersen, Kim Greist, Joan Allen, Brian Cox"
Scary Movie,6.2,"Director:Keenen Ivory Wayans,  Stars:Anna Faris, Jon Abrahams, Marlon Wayans, Carmen Electra"
The Town,7.5,"Director:Ben Affleck,  Stars:Ben Affleck, Rebecca Hall, Jon Hamm, Jeremy Renner"
The Croods: A New Age,7.0,"Director:Joel Crawford,  Stars:Nicolas Cage, Emma Stone, Ryan Reynolds, Catherine Keener"
Iron Man 2,7.0,"Director:Jon Favreau,  Stars:Robert Downey Jr., Mickey Rourke, Gwyneth Paltrow, Don Cheadle"
EuroTrip,6.6,"Directors:Jeff Schaffer, Alec Berg, David Mandel,  Stars:Scott Mechlowicz, Jacob Pitts, Michelle Trachtenberg, Travis Wester"
The Nest,6.4,"Director:Sean Durkin,  Stars:Jude Law, Carrie Coon, Oona Roche, Charlie Shotwell"
Coming to America,7.1,"Director:John Landis,  Stars:Eddie Murphy, Paul Bates, Garcelle Beauvais, Feather"
Cinderella,6.9,"Director:Kenneth Branagh,  Stars:Lily James, Cate Blanchett, Richard Madden, Helena Bonham Carter"
Saw III,6.2,"Director:Darren Lynn Bousman,  Stars:Tobin Bell, Shawnee Smith, Angus Macfadyen, Bahar Soomekh"
Cape Fear,7.3,"Director:Martin Scorsese,  Stars:Robert De Niro, Nick Nolte, Jessica Lange, Juliette Lewis"
The Maze Runner,6.8,"Director:Wes Ball,  Stars:Dylan O'Brien, Kaya Scodelario, Will Poulter, Thomas Brodie-Sangster"
The Hunger Games: Catching Fire,7.5,"Director:Francis Lawrence,  Stars:Jennifer Lawrence, Josh Hutcherson, Liam Hemsworth, Philip Seymour Hoffman"
Creed,7.6,"Director:Ryan Coogler,  Stars:Michael B. Jordan, Sylvester Stallone, Tessa Thompson, Phylicia Rashad"
Frozen,7.4,"Directors:Chris Buck, Jennifer Lee,  Stars:Kristen Bell, Idina Menzel, Jonathan Groff, Josh Gad"
Jackie Brown,7.5,"Director:Quentin Tarantino,  Stars:Pam Grier, Samuel L. Jackson, Robert Forster, Bridget Fonda"
Alita: Battle Angel,7.3,"Director:Robert Rodriguez,  Stars:Rosa Salazar, Christoph Waltz, Jennifer Connelly, Mahershala Ali"
Thor: The Dark World,6.9,"Director:Alan Taylor,  Stars:Chris Hemsworth, Natalie Portman, Tom Hiddleston, Stellan Skarsgård"
Inside Out,8.1,"Directors:Pete Docter, Ronnie Del Carmen,  Stars:Amy Poehler, Bill Hader, Lewis Black, Mindy Kaling"
Beetle Juice,7.5,"Director:Tim Burton,  Stars:Alec Baldwin, Geena Davis, Michael Keaton, Annie McEnroe"
Gifted,7.6,"Director:Marc Webb,  Stars:Chris Evans, Mckenna Grace, Lindsay Duncan, Octavia Spencer"
Source Code,7.5,"Director:Duncan Jones,  Stars:Jake Gyllenhaal, Michelle Monaghan, Vera Farmiga, Jeffrey Wright"
Zack and Miri Make a Porno,6.5,"Director:Kevin Smith,  Stars:Seth Rogen, Elizabeth Banks, Craig Robinson, Gerry Bednob"
First Blood,7.7,"Director:Ted Kotcheff,  Stars:Sylvester Stallone, Brian Dennehy, Richard Crenna, Bill McKinney"
Capharnaüm,8.4,"Director:Nadine Labaki,  Stars:Zain Al Rafeea, Yordanos Shiferaw, Boluwatife Treasure Bankole, Kawsar Al Haddad"
Godzilla,6.4,"Director:Gareth Edwards,  Stars:Aaron Taylor-Johnson, Elizabeth Olsen, Bryan Cranston, Ken Watanabe"
Mortal Engines,6.1,"Director:Christian Rivers,  Stars:Hera Hilmar, Robert Sheehan, Hugo Weaving, Jihae"
28 Days Later...,7.6,"Director:Danny Boyle,  Stars:Cillian Murphy, Naomie Harris, Christopher Eccleston, Alex Palmer"
Don't Breathe,7.1,"Director:Fede Alvarez,  Stars:Stephen Lang, Jane Levy, Dylan Minnette, Daniel Zovatto"
Mission: Impossible - Rogue Nation,7.4,"Director:Christopher McQuarrie,  Stars:Tom Cruise, Rebecca Ferguson, Jeremy Renner, Simon Pegg"
The Whole Nine Yards,6.7,"Director:Jonathan Lynn,  Stars:Bruce Willis, Matthew Perry, Rosanna Arquette, Michael Clarke Duncan"
The Princess Diaries,6.4,"Director:Garry Marshall,  Stars:Julie Andrews, Anne Hathaway, Hector Elizondo, Heather Matarazzo"
I'm Thinking of Ending Things,6.6,"Director:Charlie Kaufman,  Stars:Jesse Plemons, Jessie Buckley, Toni Collette, David Thewlis"
Amadeus,8.3,"Director:Milos Forman,  Stars:F. Murray Abraham, Tom Hulce, Elizabeth Berridge, Roy Dotrice"
Shame,7.2,"Director:Steve McQueen,  Stars:Michael Fassbender, Carey Mulligan, James Badge Dale, Lucy Walters"
The Devil's Advocate,7.5,"Director:Taylor Hackford,  Stars:Keanu Reeves, Al Pacino, Charlize Theron, Jeffrey Jones"
The Secret Life of Pets 2,6.5,"Directors:Chris Renaud, Jonathan del Val,  Stars:Patton Oswalt, Kevin Hart, Harrison Ford, Eric Stonestreet"
John Wick: Chapter 2,7.5,"Director:Chad Stahelski,  Stars:Keanu Reeves, Riccardo Scamarcio, Ian McShane, Ruby Rose"
The Man from U.N.C.L.E.,7.3,"Director:Guy Ritchie,  Stars:Henry Cavill, Armie Hammer, Alicia Vikander, Elizabeth Debicki"
Sin City,8.0,"Directors:Frank Miller, Quentin Tarantino, Robert Rodriguez,  Stars:Mickey Rourke, Clive Owen, Bruce Willis, Jessica Alba"
Unbreakable,7.3,"Director:M. Night Shyamalan,  Stars:Bruce Willis, Samuel L. Jackson, Robin Wright, Spencer Treat Clark"
Transformers: The Last Knight,5.2,"Director:Michael Bay,  Stars:Mark Wahlberg, Anthony Hopkins, Josh Duhamel, Laura Haddock"
The Descent,7.2,"Director:Neil Marshall,  Stars:Shauna Macdonald, Natalie Mendoza, Alex Reid, Saskia Mulder"
Moonrise Kingdom,7.8,"Director:Wes Anderson,  Stars:Jared Gilman, Kara Hayward, Bruce Willis, Bill Murray"
Fame,6.6,"Director:Alan Parker,  Stars:Eddie Barth, Irene Cara, Lee Curreri, Laura Dean"
Me Before You,7.4,"Director:Thea Sharrock,  Stars:Emilia Clarke, Sam Claflin, Janet McTeer, Charles Dance"
Rampage,6.1,"Director:Brad Peyton,  Stars:Dwayne Johnson, Naomie Harris, Malin Akerman, Jeffrey Dean Morgan"
Clue,7.3,"Director:Jonathan Lynn,  Stars:Eileen Brennan, Tim Curry, Madeline Kahn, Christopher Lloyd"
Ant-Man and the Wasp,7.0,"Director:Peyton Reed,  Stars:Paul Rudd, Evangeline Lilly, Michael Peña, Walton Goggins"
A Rainy Day in New York,6.5,"Director:Woody Allen,  Stars:Timothée Chalamet, Elle Fanning, Liev Schreiber, Suzanne Smith"
Bad Boys for Life,6.6,"Directors:Adil El Arbi, Bilall Fallah,  Stars:Will Smith, Martin Lawrence, Vanessa Hudgens, Alexander Ludwig"
Fear,6.2,"Director:James Foley,  Stars:Mark Wahlberg, Reese Witherspoon, William Petersen, Amy Brenneman"
Mamma Mia!,6.4,"Director:Phyllida Lloyd,  Stars:Meryl Streep, Pierce Brosnan, Amanda Seyfried, Stellan Skarsgård"
Bill & Ted Face the Music,6.0,"Director:Dean Parisot,  Stars:Keanu Reeves, Alex Winter, Kristen Schaal, Samara Weaving"
Accepted,6.4,"Director:Steve Pink,  Stars:Justin Long, Jonah Hill, Blake Lively, Adam Herschman"
Mortal Kombat: Annihilation,3.7,"Director:John R. Leonetti,  Stars:Robin Shou, Talisa Soto, James Remar, Sandra Hess"
Star Wars: Episode III - Revenge of the Sith,7.5,"Director:George Lucas,  Stars:Hayden Christensen, Natalie Portman, Ewan McGregor, Samuel L. Jackson"
The Equalizer,7.2,"Director:Antoine Fuqua,  Stars:Denzel Washington, Marton Csokas, Chloë Grace Moretz, David Harbour"
Tag,6.5,"Director:Jeff Tomsic,  Stars:Jeremy Renner, Ed Helms, Jake Johnson, Jon Hamm"
The Last of the Mohicans,7.7,"Director:Michael Mann,  Stars:Daniel Day-Lewis, Madeleine Stowe, Russell Means, Eric Schweig"
Silver Linings Playbook,7.7,"Director:David O. Russell,  Stars:Bradley Cooper, Jennifer Lawrence, Robert De Niro, Jacki Weaver"
"Lock, Stock and Two Smoking Barrels",8.2,"Director:Guy Ritchie,  Stars:Jason Flemyng, Dexter Fletcher, Nick Moran, Jason Statham"
Mandy,6.5,"Director:Panos Cosmatos,  Stars:Nicolas Cage, Andrea Riseborough, Linus Roache, Ned Dennehy"
National Lampoon's Animal House,7.5,"Director:John Landis,  Stars:John Belushi, Karen Allen, Tom Hulce, Stephen Furst"
Annabelle Comes Home,5.9,"Director:Gary Dauberman,  Stars:Vera Farmiga, Patrick Wilson, Mckenna Grace, Madison Iseman"
The Manchurian Candidate,7.9,"Director:John Frankenheimer,  Stars:Frank Sinatra, Laurence Harvey, Janet Leigh, Angela Lansbury"
Warrior,8.1,"Director:Gavin O'Connor,  Stars:Tom Hardy, Nick Nolte, Joel Edgerton, Jennifer Morrison"
The Chronicles of Riddick,6.7,"Director:David Twohy,  Stars:Vin Diesel, Judi Dench, Colm Feore, Thandiwe Newton"
Toy Story,8.3,"Director:John Lasseter,  Stars:Tom Hanks, Tim Allen, Don Rickles, Jim Varney"
Secretary,7.0,"Director:Steven Shainberg,  Stars:James Spader, Maggie Gyllenhaal, Jeremy Davies, Lesley Ann Warren"
Greater,7.3,"Director:David L. Hunt,  Stars:Neal McDonough, Leslie Easterbrook, Christopher Severio, Michael Parks"
Barbarella,5.9,"Director:Roger Vadim,  Stars:Jane Fonda, John Phillip Law, Anita Pallenberg, Milo O'Shea"
Cruel Intentions,6.8,"Director:Roger Kumble,  Stars:Sarah Michelle Gellar, Ryan Phillippe, Reese Witherspoon, Selma Blair"
Never Back Down,6.6,"Director:Jeff Wadlow,  Stars:Sean Faris, Djimon Hounsou, Amber Heard, Cam Gigandet"
The Outpost,6.8,"Director:Rod Lurie,  Stars:Scott Eastwood, Caleb Landry Jones, Orlando Bloom, Jack Kesy"
The Sound of Music,8.0,"Director:Robert Wise,  Stars:Julie Andrews, Christopher Plummer, Eleanor Parker, Richard Haydn"
Calamity Jane,7.3,"Director:David Butler,  Stars:Doris Day, Howard Keel, Allyn Ann McLerie, Philip Carey"
Indiana Jones and the Temple of Doom,7.5,"Director:Steven Spielberg,  Stars:Harrison Ford, Kate Capshaw, Ke Huy Quan, Amrish Puri"
In Time,6.7,"Director:Andrew Niccol,  Stars:Justin Timberlake, Amanda Seyfried, Cillian Murphy, Olivia Wilde"
2012,5.8,"Director:Roland Emmerich,  Stars:John Cusack, Thandiwe Newton, Chiwetel Ejiofor, Amanda Peet"
Last Action Hero,6.4,"Director:John McTiernan,  Stars:Arnold Schwarzenegger, F. Murray Abraham, Art Carney, Charles Dance"
Rio,6.9,"Director:Carlos Saldanha,  Stars:Jesse Eisenberg, Anne Hathaway, George Lopez, Karen Disher"
Finding Nemo,8.1,"Directors:Andrew Stanton, Lee Unkrich,  Stars:Albert Brooks, Ellen DeGeneres, Alexander Gould, Willem Dafoe"
V for Vendetta,8.1,"Director:James McTeigue,  Stars:Hugo Weaving, Natalie Portman, Rupert Graves, Stephen Rea"
Norbit,4.1,"Director:Brian Robbins,  Stars:Eddie Murphy, Thandiwe Newton, Terry Crews, Clifton Powell"
Sublet,7.0,"Director:Eytan Fox,  Stars:John Benjamin Hickey, Niv Nissim, Lihi Kornowski, Miki Kam"
The Peanut Butter Falcon,7.6,"Directors:Tyler Nilson, Michael Schwartz,  Stars:Zack Gottsagen, Ann Owens, Dakota Johnson, Bruce Dern"
Charlie's Angels,4.8,"Director:Elizabeth Banks,  Stars:Kristen Stewart, Naomi Scott, Ella Balinska, Elizabeth Banks"
12 Years a Slave,8.1,"Director:Steve McQueen,  Stars:Chiwetel Ejiofor, Michael Kenneth Williams, Michael Fassbender, Brad Pitt"
Scent of a Woman,8.0,"Director:Martin Brest,  Stars:Al Pacino, Chris O'Donnell, James Rebhorn, Gabrielle Anwar"
Hot Tub Time Machine,6.4,"Director:Steve Pink,  Stars:John Cusack, Rob Corddry, Craig Robinson, Clark Duke"
Thirteen,6.8,"Director:Catherine Hardwicke,  Stars:Evan Rachel Wood, Holly Hunter, Nikki Reed, Vanessa Hudgens"
The Curious Case of Benjamin Button,7.8,"Director:David Fincher,  Stars:Brad Pitt, Cate Blanchett, Tilda Swinton, Julia Ormond"
Death Wish,6.3,"Director:Eli Roth,  Stars:Bruce Willis, Vincent D'Onofrio, Elisabeth Shue, Camila Morrone"
The Da Vinci Code,6.6,"Director:Ron Howard,  Stars:Tom Hanks, Audrey Tautou, Jean Reno, Ian McKellen"
El Camino: A Breaking Bad Movie,7.3,"Director:Vince Gilligan,  Stars:Aaron Paul, Jonathan Banks, Matt Jones, Charles Baker"
Home Alone,7.6,"Director:Chris Columbus,  Stars:Macaulay Culkin, Joe Pesci, Daniel Stern, John Heard"
Big Daddy,6.4,"Director:Dennis Dugan,  Stars:Adam Sandler, Joey Lauren Adams, Jon Stewart, Cole Sprouse"
Willy Wonka & the Chocolate Factory,7.8,"Director:Mel Stuart,  Stars:Gene Wilder, Jack Albertson, Peter Ostrum, Roy Kinnear"
Ma Rainey's Black Bottom,7.0,"Director:George C. Wolfe,  Stars:Viola Davis, Chadwick Boseman, Glynn Turman, Colman Domingo"
Kick-Ass,7.6,"Director:Matthew Vaughn,  Stars:Aaron Taylor-Johnson, Nicolas Cage, Chloë Grace Moretz, Garrett M. Brown"
"Girl, Interrupted",7.3,"Director:James Mangold,  Stars:Winona Ryder, Angelina Jolie, Clea DuVall, Brittany Murphy"
Hauru no ugoku shiro,8.2,"Director:Hayao Miyazaki,  Stars:Chieko Baishô, Takuya Kimura, Tatsuya Gashûin, Akihiro Miwa"
Beverly Hills Cop,7.3,"Director:Martin Brest,  Stars:Eddie Murphy, Judge Reinhold, John Ashton, Lisa Eilbacher"
Forgetting Sarah Marshall,7.1,"Director:Nicholas Stoller,  Stars:Kristen Bell, Jason Segel, Paul Rudd, Mila Kunis"
The Godfather: Part III,7.6,"Director:Francis Ford Coppola,  Stars:Al Pacino, Diane Keaton, Andy Garcia, Talia Shire"
Octopussy,6.5,"Director:John Glen,  Stars:Roger Moore, Maud Adams, Louis Jourdan, Kristina Wayborn"
Liar Liar,6.9,"Director:Tom Shadyac,  Stars:Jim Carrey, Maura Tierney, Amanda Donohoe, Jennifer Tilly"
Reign of Fire,6.2,"Director:Rob Bowman,  Stars:Matthew McConaughey, Christian Bale, Izabella Scorupco, Gerard Butler"
Blade,7.1,"Director:Stephen Norrington,  Stars:Wesley Snipes, Stephen Dorff, Kris Kristofferson, N'Bushe Wright"
The Towering Inferno,7.0,"Director:John Guillermin,  Stars:Paul Newman, Steve McQueen, William Holden, Faye Dunaway"
Clifford,5.4,"Director:Paul Flaherty,  Stars:Martin Short, Charles Grodin, Mary Steenburgen, Dabney Coleman"
Papillon,8.0,"Director:Franklin J. Schaffner,  Stars:Steve McQueen, Dustin Hoffman, Victor Jory, Don Gordon"
The House That Jack Built,6.8,"Director:Lars von Trier,  Stars:Matt Dillon, Bruno Ganz, Uma Thurman, Siobhan Fallon Hogan"
The Secret Life of Walter Mitty,7.3,"Director:Ben Stiller,  Stars:Ben Stiller, Kristen Wiig, Jon Daly, Kathryn Hahn"
Scoob!,5.7,"Director:Tony Cervone,  Stars:Will Forte, Mark Wahlberg, Jason Isaacs, Gina Rodriguez"
Under the Skin,6.3,"Director:Jonathan Glazer,  Stars:Scarlett Johansson, Jeremy McWilliams, Lynsey Taylor Mackay, Dougie McConnell"
Final Destination,6.7,"Director:James Wong,  Stars:Devon Sawa, Ali Larter, Kerr Smith, Kristen Cloke"
Marriage Story,7.9,"Director:Noah Baumbach,  Stars:Adam Driver, Scarlett Johansson, Julia Greer, Azhy Robertson"
Monster,7.3,"Director:Patty Jenkins,  Stars:Charlize Theron, Christina Ricci, Bruce Dern, Lee Tergesen"
Gokseong,7.4,"Director:Hong-jin Na,  Stars:Jun Kunimura, Jung-min Hwang, Do-won Kwak, Woo-hee Chun"
Spaceballs,7.1,"Director:Mel Brooks,  Stars:Mel Brooks, John Candy, Rick Moranis, Bill Pullman"
Fast Five,7.3,"Director:Justin Lin,  Stars:Vin Diesel, Paul Walker, Dwayne Johnson, Jordana Brewster"
Bruce Almighty,6.7,"Director:Tom Shadyac,  Stars:Jim Carrey, Jennifer Aniston, Morgan Freeman, Philip Baker Hall"
Kung Fu Panda,7.5,"Directors:Mark Osborne, John Stevenson,  Stars:Jack Black, Ian McShane, Angelina Jolie, Dustin Hoffman"
The Nun,5.3,"Director:Corin Hardy,  Stars:Demián Bichir, Taissa Farmiga, Jonas Bloquet, Bonnie Aarons"
Sleight,5.9,"Director:J.D. Dillard,  Stars:Jacob Latimore, Seychelle Gabriel, Storm Reid, Donzaleigh Abernathy"
True Grit,7.6,"Directors:Ethan Coen, Joel Coen,  Stars:Jeff Bridges, Matt Damon, Hailee Steinfeld, Josh Brolin"
Tangled,7.7,"Directors:Nathan Greno, Byron Howard,  Stars:Mandy Moore, Zachary Levi, Donna Murphy, Ron Perlman"
Star Wars: Episode VI - Return of the Jedi,8.3,"Director:Richard Marquand,  Stars:Mark Hamill, Harrison Ford, Carrie Fisher, Billy Dee Williams"
99 Songs,7.6,"Director:Vishwesh Krishnamoorthy,  Stars:Ehan Bhat, Edilsy Vargas, Tenzing Dalha, Lisa Ray"
The Dirt,7.0,"Director:Jeff Tremaine,  Stars:Douglas Booth, Iwan Rheon, Machine Gun Kelly, Daniel Webber"
E.T. the Extra-Terrestrial,7.8,"Director:Steven Spielberg,  Stars:Henry Thomas, Drew Barrymore, Peter Coyote, Dee Wallace"
Good Time,7.4,"Directors:Benny Safdie, Josh Safdie,  Stars:Robert Pattinson, Benny Safdie, Jennifer Jason Leigh, Buddy Duress"
Green Zone,6.8,"Director:Paul Greengrass,  Stars:Matt Damon, Jason Isaacs, Greg Kinnear, Igal Naor"
50 First Dates,6.8,"Director:Peter Segal,  Stars:Adam Sandler, Drew Barrymore, Rob Schneider, Sean Astin"
Flower Drum Song,7.0,"Director:Henry Koster,  Stars:Nancy Kwan, James Shigeta, Benson Fong, Jack Soo"
"Extremely Wicked, Shockingly Evil and Vile",6.7,"Director:Joe Berlinger,  Stars:Lily Collins, Zac Efron, Angela Sarafyan, Sydney Vollmer"
Friends with Benefits,6.5,"Director:Will Gluck,  Stars:Mila Kunis, Justin Timberlake, Patricia Clarkson, Jenna Elfman"
The Amazing Spider-Man,6.9,"Director:Marc Webb,  Stars:Andrew Garfield, Emma Stone, Rhys Ifans, Irrfan Khan"
Tusk,5.3,"Director:Kevin Smith,  Stars:Justin Long, Michael Parks, Haley Joel Osment, Genesis Rodriguez"
The Broken Hearts Gallery,6.3,"Director:Natalie Krinsky,  Stars:Geraldine Viswanathan, Dacre Montgomery, Utkarsh Ambudkar, Molly Gordon"
Pokémon: Detective Pikachu,6.6,"Director:Rob Letterman,  Stars:Ryan Reynolds, Justice Smith, Kathryn Newton, Bill Nighy"
The Mule,7.0,"Director:Clint Eastwood,  Stars:Clint Eastwood, Patrick L. Reyes, Cesar De León, Gustavo Muñoz"
The Strangers: Prey at Night,5.2,"Director:Johannes Roberts,  Stars:Christina Hendricks, Martin Henderson, Bailee Madison, Lewis Pullman"
Platoon,8.1,"Director:Oliver Stone,  Stars:Charlie Sheen, Tom Berenger, Willem Dafoe, Keith David"
13 Hours,7.3,"Director:Michael Bay,  Stars:John Krasinski, Pablo Schreiber, James Badge Dale, David Denman"
X-Men: The Last Stand,6.7,"Director:Brett Ratner,  Stars:Patrick Stewart, Hugh Jackman, Halle Berry, Famke Janssen"
Species,5.8,"Director:Roger Donaldson,  Stars:Natasha Henstridge, Michael Madsen, Ben Kingsley, Alfred Molina"
D2: The Mighty Ducks,6.1,"Director:Sam Weisman,  Stars:Emilio Estevez, Kathryn Erbe, Michael Tucker, Jan Rubes"
Good Boys,6.7,"Director:Gene Stupnitsky,  Stars:Jacob Tremblay, Keith L. Williams, Brady Noon, Molly Gordon"
Night at the Museum,6.4,"Director:Shawn Levy,  Stars:Ben Stiller, Carla Gugino, Ricky Gervais, Dick Van Dyke"
Penguins of Madagascar,6.7,"Directors:Eric Darnell, Simon J. Smith,  Stars:Tom McGrath, Chris Miller, Christopher Knights, Conrad Vernon"
The Hunger Games: Mockingjay - Part 2,6.6,"Director:Francis Lawrence,  Stars:Jennifer Lawrence, Josh Hutcherson, Liam Hemsworth, Woody Harrelson"
Step Brothers,6.9,"Director:Adam McKay,  Stars:Will Ferrell, John C. Reilly, Mary Steenburgen, Richard Jenkins"
The Purge,5.7,"Director:James DeMonaco,  Stars:Ethan Hawke, Lena Headey, Max Burkholder, Adelaide Kane"
Moulin Rouge!,7.6,"Director:Baz Luhrmann,  Stars:Nicole Kidman, Ewan McGregor, John Leguizamo, Jim Broadbent"
Apollo 13,7.6,"Director:Ron Howard,  Stars:Tom Hanks, Bill Paxton, Kevin Bacon, Gary Sinise"
The Babysitter: Killer Queen,5.8,"Director:McG,  Stars:Judah Lewis, Samara Weaving, Jenna Ortega, Emily Alyn Lind"
Unfaithful,6.7,"Director:Adrian Lyne,  Stars:Richard Gere, Diane Lane, Olivier Martinez, Erik Per Sullivan"
Drunk Bus,6.0,"Directors:John Carlucci, Brandon LaGanke,  Stars:Kara Hayward, Charlie Tahan, Will Forte, Zach Cherry"
Let Him Go,6.7,"Director:Thomas Bezucha,  Stars:Diane Lane, Kevin Costner, Kayli Carter, Ryan Bruce"
The Lost World: Jurassic Park,6.6,"Director:Steven Spielberg,  Stars:Jeff Goldblum, Julianne Moore, Pete Postlethwaite, Vince Vaughn"
The Italian Job,7.0,"Director:F. Gary Gray,  Stars:Donald Sutherland, Mark Wahlberg, Edward Norton, Charlize Theron"
Shooter,7.2,"Director:Antoine Fuqua,  Stars:Mark Wahlberg, Michael Peña, Rhona Mitra, Danny Glover"
Smokey and the Bandit,7.0,"Director:Hal Needham,  Stars:Burt Reynolds, Sally Field, Jerry Reed, Mike Henry"
The Deer Hunter,8.1,"Director:Michael Cimino,  Stars:Robert De Niro, Christopher Walken, John Cazale, John Savage"
Melancholia,7.2,"Director:Lars von Trier,  Stars:Kirsten Dunst, Charlotte Gainsbourg, Kiefer Sutherland, Alexander Skarsgård"
Lawrence of Arabia,8.3,"Director:David Lean,  Stars:Peter O'Toole, Alec Guinness, Anthony Quinn, Jack Hawkins"
The Pursuit of Happyness,8.0,"Director:Gabriele Muccino,  Stars:Will Smith, Thandiwe Newton, Jaden Smith, Brian Howe"
Heathers,7.2,"Director:Michael Lehmann,  Stars:Winona Ryder, Christian Slater, Shannen Doherty, Lisanne Falk"
Zookeeper,5.2,"Director:Frank Coraci,  Stars:Kevin James, Rosario Dawson, Leslie Bibb, Ken Jeong"
The Lives of Others,8.4,"Director:Florian Henckel von Donnersmarck,  Stars:Ulrich Mühe, Martina Gedeck, Sebastian Koch, Ulrich Tukur"
Spenser Confidential,6.2,"Director:Peter Berg,  Stars:Mark Wahlberg, Winston Duke, Alan Arkin, Iliza Shlesinger"
RoboCop,7.5,"Director:Paul Verhoeven,  Stars:Peter Weller, Nancy Allen, Dan O'Herlihy, Ronny Cox"
BlacKkKlansman,7.5,"Director:Spike Lee,  Stars:John David Washington, Adam Driver, Laura Harrier, Topher Grace"
Oblivion,7.0,"Director:Joseph Kosinski,  Stars:Tom Cruise, Morgan Freeman, Andrea Riseborough, Olga Kurylenko"
I Am Legend,7.2,"Director:Francis Lawrence,  Stars:Will Smith, Alice Braga, Charlie Tahan, Salli Richardson-Whitfield"
Borat Subsequent Moviefilm: Delivery of Prodigious Bribe to American Regime for Make Benefit Once Glorious Nation of Kazakhstan,6.7,"Director:Jason Woliner,  Stars:Sacha Baron Cohen, Maria Bakalova, Tom Hanks, Dani Popescu"
Initiation,5.0,"Director:John Berardo,  Stars:Isabella Gomez, Lindsay LaVanchy, Froy Gutierrez, James Berardo"
The Longest Yard,6.4,"Director:Peter Segal,  Stars:Adam Sandler, Burt Reynolds, Chris Rock, Nelly"
Amélie,8.3,"Director:Jean-Pierre Jeunet,  Stars:Audrey Tautou, Mathieu Kassovitz, Rufus, Lorella Cravotta"
The 40 Year Old Virgin,7.1,"Director:Judd Apatow,  Stars:Steve Carell, Catherine Keener, Paul Rudd, Romany Malco"
Little Miss Sunshine,7.8,"Directors:Jonathan Dayton, Valerie Faris,  Stars:Steve Carell, Toni Collette, Greg Kinnear, Abigail Breslin"
WALL·E,8.4,"Director:Andrew Stanton,  Stars:Ben Burtt, Elissa Knight, Jeff Garlin, Fred Willard"
The Watch,5.7,"Director:Akiva Schaffer,  Stars:Ben Stiller, Vince Vaughn, Jonah Hill, Billy Crudup"
Unbroken,7.2,"Director:Angelina Jolie,  Stars:Jack O'Connell, Miyavi, Domhnall Gleeson, Garrett Hedlund"
Jumanji,7.0,"Director:Joe Johnston,  Stars:Robin Williams, Kirsten Dunst, Bonnie Hunt, Jonathan Hyde"
Armageddon,6.7,"Director:Michael Bay,  Stars:Bruce Willis, Billy Bob Thornton, Ben Affleck, Liv Tyler"
Candyman,6.6,"Director:Bernard Rose,  Stars:Virginia Madsen, Xander Berkeley, Tony Todd, Kasi Lemmons"
Der Untergang,8.2,"Director:Oliver Hirschbiegel,  Stars:Bruno Ganz, Alexandra Maria Lara, Ulrich Matthes, Juliane Köhler"
The Abyss,7.5,"Director:James Cameron,  Stars:Ed Harris, Mary Elizabeth Mastrantonio, Michael Biehn, Leo Burmester"
Escape Room,6.4,"Director:Adam Robitel,  Stars:Taylor Russell, Logan Miller, Jay Ellis, Tyler Labine"
Big,7.3,"Director:Penny Marshall,  Stars:Tom Hanks, Elizabeth Perkins, Robert Loggia, John Heard"
Cannibal Holocaust,5.9,"Director:Ruggero Deodato,  Stars:Robert Kerman, Francesca Ciardi, Perry Pirkanen, Luca Barbareschi"
Alice in Wonderland,6.4,"Director:Tim Burton,  Stars:Mia Wasikowska, Johnny Depp, Helena Bonham Carter, Anne Hathaway"
Movie 43,4.3,"Directors:Elizabeth Banks, Steven Brill, Steve Carr, Rusty Cundieff, James Duffy, Griffin Dunne, Peter Farrelly, Patrik Forsberg, Will Graham, James Gunn, Brett Ratner, Jonathan van Tulleken, Bob Odenkirk,  Stars:Emma Stone, Stephen Merchant, Richard Gere, Liev Schreiber"
Saw V,5.8,"Director:David Hackl,  Stars:Scott Patterson, Costas Mandylor, Tobin Bell, Betsy Russell"
The Thing,8.1,"Director:John Carpenter,  Stars:Kurt Russell, Wilford Brimley, Keith David, Richard Masur"
Percy Jackson & the Olympians: The Lightning Thief,5.9,"Director:Chris Columbus,  Stars:Logan Lerman, Kevin McKidd, Steve Coogan, Brandon T. Jackson"
Anastasia,7.2,"Directors:Don Bluth, Gary Goldman,  Stars:Meg Ryan, John Cusack, Christopher Lloyd, Kelsey Grammer"
The Patriot,7.2,"Director:Roland Emmerich,  Stars:Mel Gibson, Heath Ledger, Joely Richardson, Jason Isaacs"
Waterworld,6.2,"Director:Kevin Reynolds,  Stars:Kevin Costner, Jeanne Tripplehorn, Dennis Hopper, Tina Majorino"
Masters of the Universe,5.4,"Director:Gary Goddard,  Stars:Dolph Lundgren, Frank Langella, Meg Foster, Billy Barty"
Vanilla Sky,6.9,"Director:Cameron Crowe,  Stars:Tom Cruise, Penélope Cruz, Cameron Diaz, Kurt Russell"
Pitch Perfect 3,5.8,"Director:Trish Sie,  Stars:Anna Kendrick, Rebel Wilson, Brittany Snow, Anna Camp"
Bajrangi Bhaijaan,8.0,"Director:Kabir Khan,  Stars:Salman Khan, Harshaali Malhotra, Nawazuddin Siddiqui, Kareena Kapoor"
Mad Max,6.9,"Director:George Miller,  Stars:Mel Gibson, Joanne Samuel, Hugh Keays-Byrne, Steve Bisley"
Gran Torino,8.1,"Director:Clint Eastwood,  Stars:Clint Eastwood, Bee Vang, Christopher Carley, Ahney Her"
Frozen II,6.8,"Directors:Chris Buck, Jennifer Lee,  Stars:Kristen Bell, Idina Menzel, Josh Gad, Jonathan Groff"
